issue_key,file_path,file,rule,impact_severity,impact_quality,type,message,line,effort,bugs,vulnerabilities,code_smells,violations,complexity,cognitive_complexity,sqale_index,lines,reliability_rating,security_rating,commit_count,unique_authors,churn,days_since_modified,file_age_days,satd_count,satd_text,satd_age_days,satd_change_count,pool_rank
AZ4INX54UdMD1-xUqsBJ,lib/sqlalchemy/connectors/pyodbc.py,pyodbc.py,python:S3776,HIGH,MAINTAINABILITY,CODE_SMELL,Refactor this function to reduce its Cognitive Complexity from 36 to the 15 allowed.,62,26min,0.0,0.0,1.0,1.0,40.0,52.0,26.0,250.0,A,A,3,2,15,116,6121,1.0,"non-tuples as well as tuples, however it seems to assume ""0""",,,1
AZ4INX28UdMD1-xUqr7f,lib/sqlalchemy/dialects/mssql/base.py,base.py,python:S1845,HIGH,MAINTAINABILITY,CODE_SMELL,"Rename field ""visit_DATETIME"" to prevent any misunderstanding/clash with method ""visit_datetime"" defined on line 1698",1702,10min,0.0,0.0,22.0,22.0,422.0,409.0,162.0,4012.0,A,A,19,8,396,2,6121,4.0,"TODO: Why?  shouldn't we use TOP always ? | TODO: does this comment (from mysql) apply to here, too? | TODO: try to avoid having to run a separate query here | TODO: we support match=<keyword> for foreign keys so",,,2
AZ4INX28UdMD1-xUqr7g,lib/sqlalchemy/dialects/mssql/base.py,base.py,python:S1845,HIGH,MAINTAINABILITY,CODE_SMELL,"Rename method ""visit_TEXT"" to prevent any misunderstanding/clash with method ""visit_text"" defined on line 1724",1739,10min,0.0,0.0,22.0,22.0,422.0,409.0,162.0,4012.0,A,A,19,8,396,2,6121,4.0,"TODO: Why?  shouldn't we use TOP always ? | TODO: does this comment (from mysql) apply to here, too? | TODO: try to avoid having to run a separate query here | TODO: we support match=<keyword> for foreign keys so",,,3
AZ4INX28UdMD1-xUqr7h,lib/sqlalchemy/dialects/mssql/base.py,base.py,python:S1845,HIGH,MAINTAINABILITY,CODE_SMELL,"Rename field ""visit_DATE"" to prevent any misunderstanding/clash with method ""visit_date"" defined on line 1754",1758,10min,0.0,0.0,22.0,22.0,422.0,409.0,162.0,4012.0,A,A,19,8,396,2,6121,4.0,"TODO: Why?  shouldn't we use TOP always ? | TODO: does this comment (from mysql) apply to here, too? | TODO: try to avoid having to run a separate query here | TODO: we support match=<keyword> for foreign keys so",,,4
AZ4INX28UdMD1-xUqr7i,lib/sqlalchemy/dialects/mssql/base.py,base.py,python:S1845,HIGH,MAINTAINABILITY,CODE_SMELL,"Rename method ""visit_time"" to prevent any misunderstanding/clash with method ""visit_TIME"" defined on line 1685",1763,10min,0.0,0.0,22.0,22.0,422.0,409.0,162.0,4012.0,A,A,19,8,396,2,6121,4.0,"TODO: Why?  shouldn't we use TOP always ? | TODO: does this comment (from mysql) apply to here, too? | TODO: try to avoid having to run a separate query here | TODO: we support match=<keyword> for foreign keys so",,,5
AZ4INX28UdMD1-xUqr7l,lib/sqlalchemy/dialects/mssql/base.py,base.py,python:S3776,HIGH,MAINTAINABILITY,CODE_SMELL,Refactor this function to reduce its Cognitive Complexity from 20 to the 15 allowed.,2533,10min,0.0,0.0,22.0,22.0,422.0,409.0,162.0,4012.0,A,A,19,8,396,2,6121,4.0,"TODO: Why?  shouldn't we use TOP always ? | TODO: does this comment (from mysql) apply to here, too? | TODO: try to avoid having to run a separate query here | TODO: we support match=<keyword> for foreign keys so",,,6
AZ4INX28UdMD1-xUqr7Z,lib/sqlalchemy/dialects/mssql/base.py,base.py,python:S1192,HIGH,MAINTAINABILITY,CODE_SMELL,"Define a constant instead of duplicating this literal ""CLUSTERED "" 3 times.",2608,6min,0.0,0.0,22.0,22.0,422.0,409.0,162.0,4012.0,A,A,19,8,396,2,6121,4.0,"TODO: Why?  shouldn't we use TOP always ? | TODO: does this comment (from mysql) apply to here, too? | TODO: try to avoid having to run a separate query here | TODO: we support match=<keyword> for foreign keys so",,,7
AZ4INX28UdMD1-xUqr7Y,lib/sqlalchemy/dialects/mssql/base.py,base.py,python:S1192,HIGH,MAINTAINABILITY,CODE_SMELL,"Define a constant instead of duplicating this literal ""NONCLUSTERED "" 3 times.",2610,6min,0.0,0.0,22.0,22.0,422.0,409.0,162.0,4012.0,A,A,19,8,396,2,6121,4.0,"TODO: Why?  shouldn't we use TOP always ? | TODO: does this comment (from mysql) apply to here, too? | TODO: try to avoid having to run a separate query here | TODO: we support match=<keyword> for foreign keys so",,,8
AZ4INX28UdMD1-xUqr7m,lib/sqlalchemy/dialects/mssql/base.py,base.py,python:S3776,HIGH,MAINTAINABILITY,CODE_SMELL,Refactor this function to reduce its Cognitive Complexity from 24 to the 15 allowed.,2898,14min,0.0,0.0,22.0,22.0,422.0,409.0,162.0,4012.0,A,A,19,8,396,2,6121,4.0,"TODO: Why?  shouldn't we use TOP always ? | TODO: does this comment (from mysql) apply to here, too? | TODO: try to avoid having to run a separate query here | TODO: we support match=<keyword> for foreign keys so",,,9
AZ4INX28UdMD1-xUqr7q,lib/sqlalchemy/dialects/mssql/base.py,base.py,python:S3776,HIGH,MAINTAINABILITY,CODE_SMELL,Refactor this function to reduce its Cognitive Complexity from 22 to the 15 allowed.,3384,12min,0.0,0.0,22.0,22.0,422.0,409.0,162.0,4012.0,A,A,19,8,396,2,6121,4.0,"TODO: Why?  shouldn't we use TOP always ? | TODO: does this comment (from mysql) apply to here, too? | TODO: try to avoid having to run a separate query here | TODO: we support match=<keyword> for foreign keys so",,,10
AZ4INX28UdMD1-xUqr7r,lib/sqlalchemy/dialects/mssql/base.py,base.py,python:S3776,HIGH,MAINTAINABILITY,CODE_SMELL,Refactor this function to reduce its Cognitive Complexity from 43 to the 15 allowed.,3587,33min,0.0,0.0,22.0,22.0,422.0,409.0,162.0,4012.0,A,A,19,8,396,2,6121,4.0,"TODO: Why?  shouldn't we use TOP always ? | TODO: does this comment (from mysql) apply to here, too? | TODO: try to avoid having to run a separate query here | TODO: we support match=<keyword> for foreign keys so",,,11
AZ4INX21UdMD1-xUqr7X,lib/sqlalchemy/dialects/mssql/pyodbc.py,pyodbc.py,secrets:S6703,HIGH,SECURITY,VULNERABILITY,Make sure this database password gets changed and removed from the code.,35,30min,0.0,1.0,15.0,16.0,65.0,73.0,69.0,746.0,A,E,3,2,67,2,6121,,,,,12
AZ4INX4IUdMD1-xUqr9-,lib/sqlalchemy/dialects/mysql/aiomysql.py,aiomysql.py,python:S1186,HIGH,MAINTAINABILITY,CODE_SMELL,"Add a nested comment explaining why this method is empty, or complete the implementation.",118,5min,0.0,0.0,16.0,16.0,54.0,16.0,64.0,334.0,A,A,8,3,129,2,2093,,,,,13
AZ4INX4IUdMD1-xUqr-I,lib/sqlalchemy/dialects/mysql/aiomysql.py,aiomysql.py,python:S1186,HIGH,MAINTAINABILITY,CODE_SMELL,"Add a nested comment explaining why this method is empty, or complete the implementation.",274,5min,0.0,0.0,16.0,16.0,54.0,16.0,64.0,334.0,A,A,8,3,129,2,2093,,,,,14
AZ4INX4IUdMD1-xUqr-J,lib/sqlalchemy/dialects/mysql/aiomysql.py,aiomysql.py,python:S1186,HIGH,MAINTAINABILITY,CODE_SMELL,"Add a nested comment explaining why this method is empty, or complete the implementation.",278,5min,0.0,0.0,16.0,16.0,54.0,16.0,64.0,334.0,A,A,8,3,129,2,2093,,,,,15
AZ4INX4IUdMD1-xUqr-L,lib/sqlalchemy/dialects/mysql/aiomysql.py,aiomysql.py,python:S2638,HIGH,MAINTAINABILITY,CODE_SMELL,Add missing parameters _translate_args.,312,15min,0.0,0.0,16.0,16.0,54.0,16.0,64.0,334.0,A,A,8,3,129,2,2093,,,,,16
AZ4INX4RUdMD1-xUqr-T,lib/sqlalchemy/dialects/mysql/asyncmy.py,asyncmy.py,python:S1186,HIGH,MAINTAINABILITY,CODE_SMELL,"Add a nested comment explaining why this method is empty, or complete the implementation.",119,5min,0.0,0.0,14.0,14.0,55.0,19.0,72.0,338.0,A,A,8,3,122,2,1713,,,,,17
AZ4INX4RUdMD1-xUqr-a,lib/sqlalchemy/dialects/mysql/asyncmy.py,asyncmy.py,python:S1845,HIGH,MAINTAINABILITY,CODE_SMELL,"Rename field ""Binary"" to prevent any misunderstanding/clash with field ""BINARY"" defined on line 267",270,10min,0.0,0.0,14.0,14.0,55.0,19.0,72.0,338.0,A,A,8,3,122,2,1713,,,,,18
AZ4INX4RUdMD1-xUqr-e,lib/sqlalchemy/dialects/mysql/asyncmy.py,asyncmy.py,python:S2638,HIGH,MAINTAINABILITY,CODE_SMELL,Add missing parameters _translate_args.,314,15min,0.0,0.0,14.0,14.0,55.0,19.0,72.0,338.0,A,A,8,3,122,2,1713,,,,,19
AZ4INX3_UdMD1-xUqr9w,lib/sqlalchemy/dialects/mysql/base.py,base.py,secrets:S6697,HIGH,SECURITY,VULNERABILITY,Make sure this MySQL database password gets changed and removed from the code.,218,30min,0.0,7.0,13.0,20.0,391.0,384.0,113.0,3450.0,A,E,17,9,1405,2,6121,3.0,that hits each backend and maybe make a requires rule for it? | TODO: remove ?? | is very slow since mysql does not seem able to properly use indexse.,,,20
AZ4INX3_UdMD1-xUqr9x,lib/sqlalchemy/dialects/mysql/base.py,base.py,secrets:S6697,HIGH,SECURITY,VULNERABILITY,Make sure this MySQL database password gets changed and removed from the code.,323,30min,0.0,7.0,13.0,20.0,391.0,384.0,113.0,3450.0,A,E,17,9,1405,2,6121,3.0,that hits each backend and maybe make a requires rule for it? | TODO: remove ?? | is very slow since mysql does not seem able to properly use indexse.,,,21
AZ4INX3_UdMD1-xUqr9y,lib/sqlalchemy/dialects/mysql/base.py,base.py,secrets:S6697,HIGH,SECURITY,VULNERABILITY,Make sure this MySQL database password gets changed and removed from the code.,343,30min,0.0,7.0,13.0,20.0,391.0,384.0,113.0,3450.0,A,E,17,9,1405,2,6121,3.0,that hits each backend and maybe make a requires rule for it? | TODO: remove ?? | is very slow since mysql does not seem able to properly use indexse.,,,22
AZ4INX3_UdMD1-xUqr9z,lib/sqlalchemy/dialects/mysql/base.py,base.py,secrets:S6697,HIGH,SECURITY,VULNERABILITY,Make sure this MySQL database password gets changed and removed from the code.,385,30min,0.0,7.0,13.0,20.0,391.0,384.0,113.0,3450.0,A,E,17,9,1405,2,6121,3.0,that hits each backend and maybe make a requires rule for it? | TODO: remove ?? | is very slow since mysql does not seem able to properly use indexse.,,,23
AZ4INX3_UdMD1-xUqr90,lib/sqlalchemy/dialects/mysql/base.py,base.py,secrets:S6697,HIGH,SECURITY,VULNERABILITY,Make sure this MySQL database password gets changed and removed from the code.,389,30min,0.0,7.0,13.0,20.0,391.0,384.0,113.0,3450.0,A,E,17,9,1405,2,6121,3.0,that hits each backend and maybe make a requires rule for it? | TODO: remove ?? | is very slow since mysql does not seem able to properly use indexse.,,,24
AZ4INX3_UdMD1-xUqr9j,lib/sqlalchemy/dialects/mysql/base.py,base.py,python:S1192,HIGH,MAINTAINABILITY,CODE_SMELL,"Define a constant instead of duplicating this literal ""%s(%d)"" 3 times.",1990,6min,0.0,7.0,13.0,20.0,391.0,384.0,113.0,3450.0,A,E,17,9,1405,2,6121,3.0,that hits each backend and maybe make a requires rule for it? | TODO: remove ?? | is very slow since mysql does not seem able to properly use indexse.,,,25
AZ4INX4eUdMD1-xUqr-n,lib/sqlalchemy/dialects/mysql/mariadbconnector.py,mariadbconnector.py,python:S5754,HIGH,MAINTAINABILITY,CODE_SMELL,Specify an exception class to catch or reraise the exception,208,5min,0.0,0.0,5.0,5.0,39.0,38.0,26.0,278.0,A,A,4,3,109,2,2089,2.0,"work around JIRA issue | https://jira.mariadb.org/browse/CONPY-270.  When that issue is fixed,",,,26
AZ4INX4iUdMD1-xUqr-q,lib/sqlalchemy/dialects/mysql/mysqlconnector.py,mysqlconnector.py,python:S1186,HIGH,MAINTAINABILITY,CODE_SMELL,"Add a nested comment explaining why this method is empty, or complete the implementation.",50,5min,0.0,0.0,4.0,4.0,24.0,12.0,20.0,181.0,A,A,7,3,146,2,5970,,,,,27
AZ4INX34UdMD1-xUqr9V,lib/sqlalchemy/dialects/mysql/reflection.py,reflection.py,python:S1192,HIGH,MAINTAINABILITY,CODE_SMELL,"Define a constant instead of duplicating this literal ""NOT NULL"" 3 times.",291,6min,0.0,0.0,12.0,12.0,98.0,138.0,102.0,678.0,A,A,4,3,127,2,3779,,,,,28
AZ4INX42UdMD1-xUqr_W,lib/sqlalchemy/dialects/oracle/base.py,base.py,python:S4487,HIGH,MAINTAINABILITY,CODE_SMELL,Remove this unread private attribute '__wheres' or refactor the code to use its value.,800,5min,1.0,0.0,11.0,12.0,400.0,473.0,208.0,3273.0,C,A,7,7,272,54,6121,3.0,"technically, this could be supported, but as it would be | This type seems to be very hard to cast into something else | outerjoin + where null works better on oracle 21 but 11 does",,,29
AZ4INX42UdMD1-xUqr_a,lib/sqlalchemy/dialects/oracle/base.py,base.py,python:S5754,HIGH,MAINTAINABILITY,CODE_SMELL,Specify an exception class to catch or reraise the exception,1530,5min,1.0,0.0,11.0,12.0,400.0,473.0,208.0,3273.0,C,A,7,7,272,54,6121,3.0,"technically, this could be supported, but as it would be | This type seems to be very hard to cast into something else | outerjoin + where null works better on oracle 21 but 11 does",,,30
AZ4INX42UdMD1-xUqr_b,lib/sqlalchemy/dialects/oracle/base.py,base.py,python:S5754,HIGH,MAINTAINABILITY,CODE_SMELL,Specify an exception class to catch or reraise the exception,1583,5min,1.0,0.0,11.0,12.0,400.0,473.0,208.0,3273.0,C,A,7,7,272,54,6121,3.0,"technically, this could be supported, but as it would be | This type seems to be very hard to cast into something else | outerjoin + where null works better on oracle 21 but 11 does",,,31
AZ4INX4xUdMD1-xUqr_R,lib/sqlalchemy/dialects/oracle/oracledb.py,oracledb.py,python:S2638,HIGH,MAINTAINABILITY,CODE_SMELL,Add missing parameters server_side.,328,15min,0.0,0.0,9.0,9.0,68.0,34.0,55.0,432.0,A,A,8,5,42,2,1437,,,,,32
AZ4INX4sUdMD1-xUqr_I,lib/sqlalchemy/dialects/oracle/provision.py,provision.py,python:S1192,HIGH,MAINTAINABILITY,CODE_SMELL,"Define a constant instead of duplicating this literal ""%s_ts1"" 4 times.",49,8min,0.0,0.0,2.0,2.0,32.0,31.0,16.0,221.0,A,A,5,2,138,116,2309,2.0,"this was meant to work around this issue: | TODO: oracledb claims to have this feature built in somehow,",,,33
AZ4INYCJUdMD1-xUqsSr,lib/sqlalchemy/__init__.py,__init__.py,python:S1172,MEDIUM,MAINTAINABILITY,CODE_SMELL,"Remove the unused function parameter ""lcls"".",275,5min,0.0,0.0,1.0,1.0,3.0,1.0,5.0,295.0,A,A,17,5,42,24,7618,,,,,34
AZ4INX28UdMD1-xUqr7b,lib/sqlalchemy/dialects/mssql/base.py,base.py,python:S6660,MEDIUM,MAINTAINABILITY,CODE_SMELL,Use the `isinstance()` function here.,1225,2min,0.0,0.0,22.0,22.0,422.0,409.0,162.0,4012.0,A,A,19,8,396,2,6121,4.0,"TODO: Why?  shouldn't we use TOP always ? | TODO: does this comment (from mysql) apply to here, too? | TODO: try to avoid having to run a separate query here | TODO: we support match=<keyword> for foreign keys so",,,35
AZ4INX28UdMD1-xUqr7c,lib/sqlalchemy/dialects/mssql/base.py,base.py,python:S1172,MEDIUM,MAINTAINABILITY,CODE_SMELL,"Remove the unused function parameter ""dialect"".",1301,5min,0.0,0.0,22.0,22.0,422.0,409.0,162.0,4012.0,A,A,19,8,396,2,6121,4.0,"TODO: Why?  shouldn't we use TOP always ? | TODO: does this comment (from mysql) apply to here, too? | TODO: try to avoid having to run a separate query here | TODO: we support match=<keyword> for foreign keys so",,,36
AZ4INX28UdMD1-xUqr7d,lib/sqlalchemy/dialects/mssql/base.py,base.py,python:S6660,MEDIUM,MAINTAINABILITY,CODE_SMELL,Use the `isinstance()` function here.,1303,2min,0.0,0.0,22.0,22.0,422.0,409.0,162.0,4012.0,A,A,19,8,396,2,6121,4.0,"TODO: Why?  shouldn't we use TOP always ? | TODO: does this comment (from mysql) apply to here, too? | TODO: try to avoid having to run a separate query here | TODO: we support match=<keyword> for foreign keys so",,,37
AZ4INX28UdMD1-xUqr7n,lib/sqlalchemy/dialects/mssql/base.py,base.py,python:S6035,MEDIUM,MAINTAINABILITY,CODE_SMELL,Replace this alternation with a character class.,2919,5min,0.0,0.0,22.0,22.0,422.0,409.0,162.0,4012.0,A,A,19,8,396,2,6121,4.0,"TODO: Why?  shouldn't we use TOP always ? | TODO: does this comment (from mysql) apply to here, too? | TODO: try to avoid having to run a separate query here | TODO: we support match=<keyword> for foreign keys so",,,38
AZ4INX28UdMD1-xUqr7s,lib/sqlalchemy/dialects/mssql/base.py,base.py,python:S1871,MEDIUM,MAINTAINABILITY,CODE_SMELL,"Either merge this branch with the identical one on line ""3742"" or change one of the implementations.",3745,10min,0.0,0.0,22.0,22.0,422.0,409.0,162.0,4012.0,A,A,19,8,396,2,6121,4.0,"TODO: Why?  shouldn't we use TOP always ? | TODO: does this comment (from mysql) apply to here, too? | TODO: try to avoid having to run a separate query here | TODO: we support match=<keyword> for foreign keys so",,,39
AZ4INX2yUdMD1-xUqr7H,lib/sqlalchemy/dialects/mssql/pymssql.py,pymssql.py,python:S2836,MEDIUM,MAINTAINABILITY,CODE_SMELL,"Add a ""break"" statement or remove this ""else"" clause.",110,5min,0.0,0.0,5.0,5.0,18.0,16.0,20.0,127.0,A,A,2,2,3,2,6121,1.0,TODO: monkeypatching here is less than ideal,,,40
AZ4INX21UdMD1-xUqr7L,lib/sqlalchemy/dialects/mssql/pyodbc.py,pyodbc.py,python:S1172,MEDIUM,MAINTAINABILITY,CODE_SMELL,"Remove the unused function parameter ""dialect"".",469,5min,0.0,1.0,15.0,16.0,65.0,73.0,69.0,746.0,A,E,3,2,67,2,6121,,,,,41
AZ4INX4RUdMD1-xUqr-Z,lib/sqlalchemy/dialects/mysql/asyncmy.py,asyncmy.py,python:S1542,MEDIUM,MAINTAINABILITY,CODE_SMELL,"Rename function ""_Binary"" to match the regular expression ^[a-z_][a-z0-9_]*$.",238,10min,0.0,0.0,14.0,14.0,55.0,19.0,72.0,338.0,A,A,8,3,122,2,1713,,,,,42
AZ4INX3_UdMD1-xUqr9l,lib/sqlalchemy/dialects/mysql/base.py,base.py,python:S1515,MEDIUM,MAINTAINABILITY,CODE_SMELL,"Add a parameter to function ""replace"" and use variable ""column"" as its default value;The value of ""column"" might change at the next loop iteration.",1377,30min,0.0,7.0,13.0,20.0,391.0,384.0,113.0,3450.0,A,E,17,9,1405,2,6121,3.0,that hits each backend and maybe make a requires rule for it? | TODO: remove ?? | is very slow since mysql does not seem able to properly use indexse.,,,43
AZ4INX3_UdMD1-xUqr9r,lib/sqlalchemy/dialects/mysql/base.py,base.py,python:S6035,MEDIUM,MAINTAINABILITY,CODE_SMELL,Replace this alternation with a character class.,2596,5min,0.0,7.0,13.0,20.0,391.0,384.0,113.0,3450.0,A,E,17,9,1405,2,6121,3.0,that hits each backend and maybe make a requires rule for it? | TODO: remove ?? | is very slow since mysql does not seem able to properly use indexse.,,,44
AZ4INX3_UdMD1-xUqr9u,lib/sqlalchemy/dialects/mysql/base.py,base.py,python:S108,MEDIUM,MAINTAINABILITY,CODE_SMELL,Either remove or fill this block of code.,3153,5min,0.0,7.0,13.0,20.0,391.0,384.0,113.0,3450.0,A,E,17,9,1405,2,6121,3.0,that hits each backend and maybe make a requires rule for it? | TODO: remove ?? | is very slow since mysql does not seem able to properly use indexse.,,,45
AZ4INX34UdMD1-xUqr9Z,lib/sqlalchemy/dialects/mysql/reflection.py,reflection.py,python:S108,MEDIUM,MAINTAINABILITY,CODE_SMELL,Either remove or fill this block of code.,54,5min,0.0,0.0,12.0,12.0,98.0,138.0,102.0,678.0,A,A,4,3,127,2,3779,,,,,46
AZ4INX34UdMD1-xUqr9a,lib/sqlalchemy/dialects/mysql/reflection.py,reflection.py,python:S108,MEDIUM,MAINTAINABILITY,CODE_SMELL,Either remove or fill this block of code.,62,5min,0.0,0.0,12.0,12.0,98.0,138.0,102.0,678.0,A,A,4,3,127,2,3779,,,,,47
AZ4INX34UdMD1-xUqr9b,lib/sqlalchemy/dialects/mysql/reflection.py,reflection.py,python:S108,MEDIUM,MAINTAINABILITY,CODE_SMELL,Either remove or fill this block of code.,74,5min,0.0,0.0,12.0,12.0,98.0,138.0,102.0,678.0,A,A,4,3,127,2,3779,,,,,48
AZ4INX34UdMD1-xUqr9W,lib/sqlalchemy/dialects/mysql/reflection.py,reflection.py,python:S1066,MEDIUM,MAINTAINABILITY,CODE_SMELL,Merge this if statement with the enclosing one.,189,5min,0.0,0.0,12.0,12.0,98.0,138.0,102.0,678.0,A,A,4,3,127,2,3779,,,,,49
AZ4INX34UdMD1-xUqr9X,lib/sqlalchemy/dialects/mysql/reflection.py,reflection.py,python:S1066,MEDIUM,MAINTAINABILITY,CODE_SMELL,Merge this if statement with the enclosing one.,269,5min,0.0,0.0,12.0,12.0,98.0,138.0,102.0,678.0,A,A,4,3,127,2,3779,,,,,50
AZ4INX34UdMD1-xUqr9f,lib/sqlalchemy/dialects/mysql/reflection.py,reflection.py,python:S108,MEDIUM,MAINTAINABILITY,CODE_SMELL,Either remove or fill this block of code.,354,5min,0.0,0.0,12.0,12.0,98.0,138.0,102.0,678.0,A,A,4,3,127,2,3779,,,,,51
AZ4INX34UdMD1-xUqr9e,lib/sqlalchemy/dialects/mysql/reflection.py,reflection.py,python:S1871,MEDIUM,MAINTAINABILITY,CODE_SMELL,"Either merge this branch with the identical one on line ""358"" or change one of the implementations.",361,10min,0.0,0.0,12.0,12.0,98.0,138.0,102.0,678.0,A,A,4,3,127,2,3779,,,,,52
AZ4INX34UdMD1-xUqr9g,lib/sqlalchemy/dialects/mysql/reflection.py,reflection.py,python:S5799,MEDIUM,MAINTAINABILITY,CODE_SMELL,Merge these implicitly concatenated strings; or did you forget a comma?,498,1min,0.0,0.0,12.0,12.0,98.0,138.0,102.0,678.0,A,A,4,3,127,2,3779,,,,,53
AZ4INX42UdMD1-xUqr_Z,lib/sqlalchemy/dialects/oracle/base.py,base.py,python:S3923,MEDIUM,RELIABILITY,BUG,Remove this if statement or edit its code blocks so that they're not all the same.,1106,15min,1.0,0.0,11.0,12.0,400.0,473.0,208.0,3273.0,C,A,7,7,272,54,6121,3.0,"technically, this could be supported, but as it would be | This type seems to be very hard to cast into something else | outerjoin + where null works better on oracle 21 but 11 does",,,54
AZ4INX4mUdMD1-xUqr-v,lib/sqlalchemy/dialects/oracle/cx_oracle.py,cx_oracle.py,python:S3923,MEDIUM,RELIABILITY,BUG,Remove this if statement or edit its code blocks so that they're not all the same.,506,15min,1.0,0.0,21.0,22.0,163.0,186.0,113.0,1484.0,C,A,5,4,98,2,6121,9.0,TODO: the names used across CHAR / VARCHAR / NCHAR / NVARCHAR | here are inconsistent and not very good | take care of reserved words | TODO: we could likely do away with quoting altogether for | this is the only way to ensure a transaction is started without | TODO: Others ? | TODO: others? | TODO: need to end XA state here | TODO: need to end XA state here,,,55
AZ4INX4mUdMD1-xUqr-5,lib/sqlalchemy/dialects/oracle/cx_oracle.py,cx_oracle.py,python:S125,MEDIUM,MAINTAINABILITY,CODE_SMELL,Remove this commented out code.,1081,5min,1.0,0.0,21.0,22.0,163.0,186.0,113.0,1484.0,C,A,5,4,98,2,6121,9.0,TODO: the names used across CHAR / VARCHAR / NCHAR / NVARCHAR | here are inconsistent and not very good | take care of reserved words | TODO: we could likely do away with quoting altogether for | this is the only way to ensure a transaction is started without | TODO: Others ? | TODO: others? | TODO: need to end XA state here | TODO: need to end XA state here,,,56
AZ4INX4pUdMD1-xUqr_F,lib/sqlalchemy/dialects/oracle/types.py,types.py,python:S1172,MEDIUM,MAINTAINABILITY,CODE_SMELL,"Remove the unused function parameter ""dialect"".",128,5min,0.0,0.0,5.0,5.0,30.0,12.0,35.0,288.0,A,A,5,4,55,54,1669,,,,,57
AZ4INX4pUdMD1-xUqr_G,lib/sqlalchemy/dialects/oracle/types.py,types.py,python:S1172,MEDIUM,MAINTAINABILITY,CODE_SMELL,"Remove the unused function parameter ""dialect"".",146,5min,0.0,0.0,5.0,5.0,30.0,12.0,35.0,288.0,A,A,5,4,55,54,1669,,,,,58
AZ4INX4pUdMD1-xUqr_H,lib/sqlalchemy/dialects/oracle/types.py,types.py,python:S4144,MEDIUM,MAINTAINABILITY,CODE_SMELL,Update this function so that its implementation is not identical to _adapt_from_generic_interval on line 209.,216,15min,0.0,0.0,5.0,5.0,30.0,12.0,35.0,288.0,A,A,5,4,55,54,1669,,,,,59
AZ4INX3qUdMD1-xUqr9P,lib/sqlalchemy/dialects/postgresql/array.py,array.py,python:S1542,MEDIUM,MAINTAINABILITY,CODE_SMELL,"Rename function ""Any"" to match the regular expression ^[a-z_][a-z0-9_]*$.",30,10min,0.0,0.0,3.0,3.0,45.0,40.0,25.0,426.0,A,A,5,2,41,116,3919,,,,,60
AZ4INX3qUdMD1-xUqr9Q,lib/sqlalchemy/dialects/postgresql/array.py,array.py,python:S1542,MEDIUM,MAINTAINABILITY,CODE_SMELL,"Rename function ""All"" to match the regular expression ^[a-z_][a-z0-9_]*$.",39,10min,0.0,0.0,3.0,3.0,45.0,40.0,25.0,426.0,A,A,5,2,41,116,3919,,,,,61
AZ4INX3qUdMD1-xUqr9R,lib/sqlalchemy/dialects/postgresql/array.py,array.py,python:S3358,MEDIUM,MAINTAINABILITY,CODE_SMELL,Extract this nested conditional expression into an independent statement.,112,5min,0.0,0.0,3.0,3.0,45.0,40.0,25.0,426.0,A,A,5,2,41,116,3919,,,,,62
AZ4INX3WUdMD1-xUqr8h,lib/sqlalchemy/dialects/postgresql/asyncpg.py,asyncpg.py,python:S5806,MEDIUM,MAINTAINABILITY,CODE_SMELL,Rename this variable; it shadows a builtin.,396,5min,0.0,0.0,17.0,17.0,164.0,141.0,67.0,1279.0,A,A,14,4,290,23,2218,2.0,TODO: looks like we have to hand-roll some kind of batching here. | hardcoding for the moment but this should be improved.,,,63
AZ4INX3WUdMD1-xUqr8q,lib/sqlalchemy/dialects/postgresql/asyncpg.py,asyncpg.py,python:S2836,MEDIUM,MAINTAINABILITY,CODE_SMELL,"Add a ""break"" statement or remove this ""else"" clause.",785,5min,0.0,0.0,17.0,17.0,164.0,141.0,67.0,1279.0,A,A,14,4,290,23,2218,2.0,TODO: looks like we have to hand-roll some kind of batching here. | hardcoding for the moment but this should be improved.,,,64
AZ4INX3eUdMD1-xUqr8y,lib/sqlalchemy/dialects/postgresql/base.py,base.py,python:S5869,MEDIUM,MAINTAINABILITY,CODE_SMELL,Remove duplicates in this character class.,1544,5min,1.0,4.0,21.0,26.0,478.0,538.0,296.0,5008.0,C,E,32,12,1353,27,4989,4.0,"FIXME: ugly hack to get out of transaction | NOTE: pg_index is used as from two times to improve performance, | NOTE: repeating oids clause improve query performance | it *might* be nice to include that this is 'btree' in the",,,65
AZ4INX3eUdMD1-xUqr8z,lib/sqlalchemy/dialects/postgresql/base.py,base.py,python:S5855,MEDIUM,RELIABILITY,BUG,Remove or rework this redundant alternative.,1544,5min,1.0,4.0,21.0,26.0,478.0,538.0,296.0,5008.0,C,E,32,12,1353,27,4989,4.0,"FIXME: ugly hack to get out of transaction | NOTE: pg_index is used as from two times to improve performance, | NOTE: repeating oids clause improve query performance | it *might* be nice to include that this is 'btree' in the",,,66
AZ4INX57UdMD1-xUqsBK,lib/sqlalchemy/connectors/aioodbc.py,aioodbc.py,python:S101,LOW,MAINTAINABILITY,CODE_SMELL,"Rename class ""AsyncAdapt_aioodbc_cursor"" to match the regular expression ^_?([A-Z_][a-zA-Z0-9]*|[a-z_][a-z0-9_]*)$.",28,5min,0.0,0.0,7.0,7.0,24.0,12.0,32.0,175.0,A,A,4,2,24,67,951,1.0,how it's supposed to work,,,67
AZ4INX57UdMD1-xUqsBL,lib/sqlalchemy/connectors/aioodbc.py,aioodbc.py,python:S101,LOW,MAINTAINABILITY,CODE_SMELL,"Rename class ""AsyncAdapt_aioodbc_ss_cursor"" to match the regular expression ^_?([A-Z_][a-zA-Z0-9]*|[a-z_][a-z0-9_]*)$.",39,5min,0.0,0.0,7.0,7.0,24.0,12.0,32.0,175.0,A,A,4,2,24,67,951,1.0,how it's supposed to work,,,68
AZ4INX57UdMD1-xUqsBM,lib/sqlalchemy/connectors/aioodbc.py,aioodbc.py,python:S101,LOW,MAINTAINABILITY,CODE_SMELL,"Rename class ""AsyncAdapt_aioodbc_connection"" to match the regular expression ^_?([A-Z_][a-zA-Z0-9]*|[a-z_][a-z0-9_]*)$.",45,5min,0.0,0.0,7.0,7.0,24.0,12.0,32.0,175.0,A,A,4,2,24,67,951,1.0,how it's supposed to work,,,69
AZ4INX57UdMD1-xUqsBN,lib/sqlalchemy/connectors/aioodbc.py,aioodbc.py,python:S101,LOW,MAINTAINABILITY,CODE_SMELL,"Rename class ""AsyncAdaptFallback_aioodbc_connection"" to match the regular expression ^_?([A-Z_][a-zA-Z0-9]*|[a-z_][a-z0-9_]*)$.",90,5min,0.0,0.0,7.0,7.0,24.0,12.0,32.0,175.0,A,A,4,2,24,67,951,1.0,how it's supposed to work,,,70
AZ4INX57UdMD1-xUqsBP,lib/sqlalchemy/connectors/aioodbc.py,aioodbc.py,python:S101,LOW,MAINTAINABILITY,CODE_SMELL,"Rename class ""AsyncAdapt_aioodbc_dbapi"" to match the regular expression ^_?([A-Z_][a-zA-Z0-9]*|[a-z_][a-z0-9_]*)$.",96,5min,0.0,0.0,7.0,7.0,24.0,12.0,32.0,175.0,A,A,4,2,24,67,951,1.0,how it's supposed to work,,,71
AZ4INX57UdMD1-xUqsBO,lib/sqlalchemy/connectors/aioodbc.py,aioodbc.py,python:S116,LOW,MAINTAINABILITY,CODE_SMELL,"Rename this field ""Cursor"" to match the regular expression ^[_a-z][_a-z0-9]*$.",102,2min,0.0,0.0,7.0,7.0,24.0,12.0,32.0,175.0,A,A,4,2,24,67,951,1.0,how it's supposed to work,,,72
AZ4INX28UdMD1-xUqr7j,lib/sqlalchemy/dialects/mssql/base.py,base.py,python:S1135,LOW,MAINTAINABILITY,CODE_SMELL,"Complete the task associated to this ""TODO"" comment.",2085,0min,0.0,0.0,22.0,22.0,422.0,409.0,162.0,4012.0,A,A,19,8,396,2,6121,4.0,"TODO: Why?  shouldn't we use TOP always ? | TODO: does this comment (from mysql) apply to here, too? | TODO: try to avoid having to run a separate query here | TODO: we support match=<keyword> for foreign keys so",,,73
AZ4INX28UdMD1-xUqr7k,lib/sqlalchemy/dialects/mssql/base.py,base.py,python:S1135,LOW,MAINTAINABILITY,CODE_SMELL,"Complete the task associated to this ""TODO"" comment.",2462,0min,0.0,0.0,22.0,22.0,422.0,409.0,162.0,4012.0,A,A,19,8,396,2,6121,4.0,"TODO: Why?  shouldn't we use TOP always ? | TODO: does this comment (from mysql) apply to here, too? | TODO: try to avoid having to run a separate query here | TODO: we support match=<keyword> for foreign keys so",,,74
AZ4INX28UdMD1-xUqr7p,lib/sqlalchemy/dialects/mssql/base.py,base.py,python:S1135,LOW,MAINTAINABILITY,CODE_SMELL,"Complete the task associated to this ""TODO"" comment.",3376,0min,0.0,0.0,22.0,22.0,422.0,409.0,162.0,4012.0,A,A,19,8,396,2,6121,4.0,"TODO: Why?  shouldn't we use TOP always ? | TODO: does this comment (from mysql) apply to here, too? | TODO: try to avoid having to run a separate query here | TODO: we support match=<keyword> for foreign keys so",,,75
AZ4INX28UdMD1-xUqr7u,lib/sqlalchemy/dialects/mssql/base.py,base.py,python:S1135,LOW,MAINTAINABILITY,CODE_SMELL,"Complete the task associated to this ""TODO"" comment.",3970,0min,0.0,0.0,22.0,22.0,422.0,409.0,162.0,4012.0,A,A,19,8,396,2,6121,4.0,"TODO: Why?  shouldn't we use TOP always ? | TODO: does this comment (from mysql) apply to here, too? | TODO: try to avoid having to run a separate query here | TODO: we support match=<keyword> for foreign keys so",,,76
AZ4INX2rUdMD1-xUqr7A,lib/sqlalchemy/dialects/mssql/information_schema.py,information_schema.py,python:S1135,LOW,MAINTAINABILITY,CODE_SMELL,"Complete the task associated to this ""TODO"" comment.",148,0min,0.0,0.0,1.0,1.0,7.0,3.0,0.0,255.0,A,A,3,2,66,2,6121,1.0,TODO: is CATLOG misspelled ?,,,77
AZ4INX21UdMD1-xUqr7K,lib/sqlalchemy/dialects/mssql/pyodbc.py,pyodbc.py,python:S117,LOW,MAINTAINABILITY,CODE_SMELL,"Rename this local variable ""DBAPIBinary"" to match the regular expression ^[_a-z][a-z0-9_]*$.",452,2min,0.0,1.0,15.0,16.0,65.0,73.0,69.0,746.0,A,E,3,2,67,2,6121,,,,,78
AZ4INX21UdMD1-xUqr7W,lib/sqlalchemy/dialects/mssql/pyodbc.py,pyodbc.py,python:S117,LOW,MAINTAINABILITY,CODE_SMELL,"Rename this local variable ""odbc_SQL_SS_TIMESTAMPOFFSET"" to match the regular expression ^[_a-z][a-z0-9_]*$.",716,2min,0.0,1.0,15.0,16.0,65.0,73.0,69.0,746.0,A,E,3,2,67,2,6121,,,,,79
AZ4INX4IUdMD1-xUqr-F,lib/sqlalchemy/dialects/mysql/aiomysql.py,aiomysql.py,python:S116,LOW,MAINTAINABILITY,CODE_SMELL,"Rename this field ""Cursor"" to match the regular expression ^[_a-z][_a-z0-9]*$.",228,2min,0.0,0.0,16.0,16.0,54.0,16.0,64.0,334.0,A,A,8,3,129,2,2093,,,,,80
AZ4INX4IUdMD1-xUqr-G,lib/sqlalchemy/dialects/mysql/aiomysql.py,aiomysql.py,python:S116,LOW,MAINTAINABILITY,CODE_SMELL,"Rename this field ""SSCursor"" to match the regular expression ^[_a-z][_a-z0-9]*$.",228,2min,0.0,0.0,16.0,16.0,54.0,16.0,64.0,334.0,A,A,8,3,129,2,2093,,,,,81
AZ4INX4RUdMD1-xUqr-b,lib/sqlalchemy/dialects/mysql/asyncmy.py,asyncmy.py,python:S116,LOW,MAINTAINABILITY,CODE_SMELL,"Rename this field ""Binary"" to match the regular expression ^[_a-z][_a-z0-9]*$.",270,2min,0.0,0.0,14.0,14.0,55.0,19.0,72.0,338.0,A,A,8,3,122,2,1713,,,,,82
AZ4INX3_UdMD1-xUqr9q,lib/sqlalchemy/dialects/mysql/base.py,base.py,python:S2737,LOW,MAINTAINABILITY,CODE_SMELL,Add logic to this except clause or eliminate it and rethrow the exception automatically.,2568,5min,0.0,7.0,13.0,20.0,391.0,384.0,113.0,3450.0,A,E,17,9,1405,2,6121,3.0,that hits each backend and maybe make a requires rule for it? | TODO: remove ?? | is very slow since mysql does not seem able to properly use indexse.,,,83
AZ4INX3_UdMD1-xUqr9v,lib/sqlalchemy/dialects/mysql/base.py,base.py,python:S2772,LOW,MAINTAINABILITY,CODE_SMELL,"Remove this unneeded ""pass"".",3158,2min,0.0,7.0,13.0,20.0,391.0,384.0,113.0,3450.0,A,E,17,9,1405,2,6121,3.0,that hits each backend and maybe make a requires rule for it? | TODO: remove ?? | is very slow since mysql does not seem able to properly use indexse.,,,84
AZ4INX4VUdMD1-xUqr-g,lib/sqlalchemy/dialects/mysql/pymysql.py,pymysql.py,python:S117,LOW,MAINTAINABILITY,CODE_SMELL,"Rename this local variable ""Connection"" to match the regular expression ^[_a-z][a-z0-9_]*$.",89,2min,0.0,1.0,2.0,3.0,14.0,16.0,7.0,138.0,A,E,4,3,48,2,5583,,,,,85
AZ4INX4CUdMD1-xUqr95,lib/sqlalchemy/dialects/mysql/pyodbc.py,pyodbc.py,python:S117,LOW,MAINTAINABILITY,CODE_SMELL,"Rename this local variable ""pyodbc_SQL_CHAR"" to match the regular expression ^[_a-z][a-z0-9_]*$.",129,2min,0.0,0.0,4.0,4.0,11.0,6.0,14.0,139.0,A,A,3,3,48,2,6121,,,,,86
AZ4INX4CUdMD1-xUqr96,lib/sqlalchemy/dialects/mysql/pyodbc.py,pyodbc.py,python:S117,LOW,MAINTAINABILITY,CODE_SMELL,"Rename this local variable ""pyodbc_SQL_WCHAR"" to match the regular expression ^[_a-z][a-z0-9_]*$.",130,2min,0.0,0.0,4.0,4.0,11.0,6.0,14.0,139.0,A,A,3,3,48,2,6121,,,,,87
AZ4INX3WUdMD1-xUqr8n,lib/sqlalchemy/dialects/postgresql/asyncpg.py,asyncpg.py,python:S3626,LOW,MAINTAINABILITY,CODE_SMELL,Remove this redundant continue.,675,1min,0.0,0.0,17.0,17.0,164.0,141.0,67.0,1279.0,A,A,14,4,290,23,2218,2.0,TODO: looks like we have to hand-roll some kind of batching here. | hardcoding for the moment but this should be improved.,,,88
AZ4INX3WUdMD1-xUqr8t,lib/sqlalchemy/dialects/postgresql/asyncpg.py,asyncpg.py,python:S100,LOW,MAINTAINABILITY,CODE_SMELL,"Rename method ""Binary"" to match the regular expression ^[a-z_][a-z0-9_]*$.",1017,5min,0.0,0.0,17.0,17.0,164.0,141.0,67.0,1279.0,A,A,14,4,290,23,2218,2.0,TODO: looks like we have to hand-roll some kind of batching here. | hardcoding for the moment but this should be improved.,,,89
AZ4INX3oUdMD1-xUqr9O,lib/sqlalchemy/dialects/postgresql/provision.py,provision.py,python:S2737,LOW,MAINTAINABILITY,CODE_SMELL,Add logic to this except clause or eliminate it and rethrow the exception automatically.,57,5min,0.0,0.0,1.0,1.0,19.0,21.0,5.0,176.0,A,A,3,2,19,27,2309,,,,,90
AZ4INX3GUdMD1-xUqr8E,lib/sqlalchemy/dialects/postgresql/psycopg.py,psycopg.py,python:S116,LOW,MAINTAINABILITY,CODE_SMELL,"Rename this field ""_psycopg_ExecStatus"" to match the regular expression ^[_a-z][_a-z0-9]*$.",563,2min,0.0,3.0,15.0,18.0,123.0,66.0,60.0,777.0,A,E,9,4,166,2,1699,,,,,91
AZ4INX2cUdMD1-xUqr6c,lib/sqlalchemy/dialects/sqlite/base.py,base.py,python:S6353,LOW,MAINTAINABILITY,CODE_SMELL,Use concise character class syntax '\D' instead of '[^0-9]'.,957,5min,2.0,0.0,11.0,13.0,262.0,315.0,119.0,2807.0,C,A,18,10,569,2,6121,11.0,"`sqlite3 SELECT does not BEGIN a transaction, but should according to spec <https://github.com/python/cpython/issues/54133>`_ - imported Python standard library issue on github | not recommended**.   While this is generally a bad idea for relational | Core and ORM queries that use UNION may not function properly**. | TODO: detect SQLite version 3.10.0 or greater; | this flag used by pysqlite dialect, and perhaps others in the | conversions (and perhaps datetime/time as well on some hypothetical | so parsing the columns is really about matching it up to what | Extract CHECK constraints by properly handling balanced parentheses | index. this could fail to extract the predicate correctly on | unless the regex is broken this case shouldn't happen | work around SQLite issue whereby cursor.description",,,92
AZ4INX2cUdMD1-xUqr6i,lib/sqlalchemy/dialects/sqlite/base.py,base.py,python:S5857,LOW,MAINTAINABILITY,CODE_SMELL,"Replace this use of a reluctant quantifier with ""[^\)]*"".",2332,3min,2.0,0.0,11.0,13.0,262.0,315.0,119.0,2807.0,C,A,18,10,569,2,6121,11.0,"`sqlite3 SELECT does not BEGIN a transaction, but should according to spec <https://github.com/python/cpython/issues/54133>`_ - imported Python standard library issue on github | not recommended**.   While this is generally a bad idea for relational | Core and ORM queries that use UNION may not function properly**. | TODO: detect SQLite version 3.10.0 or greater; | this flag used by pysqlite dialect, and perhaps others in the | conversions (and perhaps datetime/time as well on some hypothetical | so parsing the columns is really about matching it up to what | Extract CHECK constraints by properly handling balanced parentheses | index. this could fail to extract the predicate correctly on | unless the regex is broken this case shouldn't happen | work around SQLite issue whereby cursor.description",,,93
AZ4INX2YUdMD1-xUqr6V,lib/sqlalchemy/dialects/sqlite/provision.py,provision.py,python:S3626,LOW,MAINTAINABILITY,CODE_SMELL,Remove this redundant continue.,61,1min,0.0,0.0,7.0,7.0,33.0,37.0,26.0,199.0,A,A,3,1,39,95,2309,2.0,TODO: I can't get this to build dynamically with pytest-xdist procs | apply SQLite savepoint workaround,,,94
AZ4INX5FUdMD1-xUqr_q,lib/sqlalchemy/engine/cursor.py,cursor.py,python:S1481,LOW,MAINTAINABILITY,CODE_SMELL,"Replace unused local variable ""e_ridx"" with ""_"".",777,5min,0.0,0.0,18.0,18.0,209.0,189.0,82.0,2182.0,A,A,10,4,552,2,2210,8.0,"TODO: need unit test for: | 1. originally, it was used to fix an issue in very old SQLite | TODO: can consider pre-loading ints and negative ints | TODO: consider serializing this as SimpleResultMetaData | TODO: test this case | all result rows are exhausted using the fetchXXX() methods. | TODO: if these are Row objects, can we save on not having to | what's actually happening right now?  maybe look into this",,,95
AZ4INX5qUdMD1-xUqsAs,lib/sqlalchemy/engine/result.py,result.py,python:S1481,LOW,MAINTAINABILITY,CODE_SMELL,"Replace unused local variable ""uniques"" with ""_"".",774,5min,1.0,0.0,8.0,9.0,302.0,287.0,152.0,2383.0,E,A,8,4,583,53,5024,2.0,TODO: are we freezing the result with or without uniqueness | TODO: this throws away the iterator which may be holding,,,96
AZ4INX5CUdMD1-xUqr_j,lib/sqlalchemy/engine/url.py,url.py,python:S1940,LOW,MAINTAINABILITY,CODE_SMELL,"Use the opposite operator (""!="") instead.",690,2min,1.0,0.0,4.0,5.0,100.0,110.0,29.0,911.0,B,A,1,1,2,116,7290,,,,,97
AZ4INX5CUdMD1-xUqr_l,lib/sqlalchemy/engine/url.py,url.py,python:S5842,LOW,RELIABILITY,BUG,Rework this part of the regex to not match the empty string.,861,5min,1.0,0.0,4.0,5.0,100.0,110.0,29.0,911.0,B,A,1,1,2,116,7290,,,,,98
AZ4INYCXUdMD1-xUqsS9,lib/sqlalchemy/event/attr.py,attr.py,python:S2737,LOW,MAINTAINABILITY,CODE_SMELL,Add logic to this except clause or eliminate it and rethrow the exception automatically.,485,5min,1.0,0.0,8.0,9.0,117.0,64.0,40.0,656.0,E,A,3,3,52,2,4671,1.0,"first error, I don't really understand:",,,99
AZ4INYCRUdMD1-xUqsSy,lib/sqlalchemy/event/legacy.py,legacy.py,python:S1481,LOW,MAINTAINABILITY,CODE_SMELL,"Replace unused local variable ""conv"" with ""_"".",194,5min,0.0,0.0,6.0,6.0,26.0,33.0,37.0,247.0,A,A,3,2,21,2,4671,,,,,100
