file_path,complexity,bugs,code_smells,cognitive_complexity,sqale_index,violations,vulnerabilities,lines,reliability_rating,security_rating
lib/sqlalchemy/util/__init__.py,0.0,0.0,0.0,0.0,0.0,0.0,0.0,160.0,A,A
lib/sqlalchemy/dialects/sqlite/__init__.py,0.0,0.0,0.0,0.0,0.0,0.0,0.0,58.0,A,A
lib/sqlalchemy/dialects/mssql/__init__.py,0.0,0.0,0.0,0.0,0.0,0.0,0.0,89.0,A,A
lib/sqlalchemy/dialects/postgresql/__init__.py,0.0,0.0,0.0,0.0,0.0,0.0,0.0,168.0,A,A
lib/sqlalchemy/dialects/mysql/__init__.py,0.0,0.0,0.0,0.0,0.0,0.0,0.0,102.0,A,A
lib/sqlalchemy/dialects/oracle/__init__.py,0.0,0.0,0.0,0.0,0.0,0.0,0.0,68.0,A,A
lib/sqlalchemy/dialects/__init__.py,5.0,0.0,0.0,8.0,0.0,0.0,0.0,62.0,A,A
lib/sqlalchemy/engine/__init__.py,0.0,0.0,0.0,0.0,0.0,0.0,0.0,63.0,A,A
lib/sqlalchemy/connectors/__init__.py,0.0,0.0,0.0,0.0,0.0,0.0,0.0,19.0,A,A
lib/sqlalchemy/testing/plugin/__init__.py,0.0,0.0,0.0,0.0,0.0,0.0,0.0,7.0,A,A
lib/sqlalchemy/testing/fixtures/__init__.py,0.0,0.0,0.0,0.0,0.0,0.0,0.0,29.0,A,A
lib/sqlalchemy/testing/__init__.py,1.0,0.0,0.0,0.0,0.0,0.0,0.0,97.0,A,A
lib/sqlalchemy/testing/suite/__init__.py,0.0,0.0,0.0,0.0,0.0,0.0,0.0,20.0,A,A
lib/sqlalchemy/sql/__init__.py,2.0,0.0,1.0,1.0,5.0,1.0,0.0,146.0,A,A
lib/sqlalchemy/orm/__init__.py,1.0,0.0,1.0,0.0,5.0,1.0,0.0,171.0,A,A
lib/sqlalchemy/ext/declarative/__init__.py,4.0,1.0,0.0,0.0,0.0,1.0,0.0,66.0,E,A
lib/sqlalchemy/ext/mypy/__init__.py,0.0,0.0,0.0,0.0,0.0,0.0,0.0,7.0,A,A
lib/sqlalchemy/ext/asyncio/__init__.py,0.0,0.0,0.0,0.0,0.0,0.0,0.0,26.0,A,A
lib/sqlalchemy/ext/__init__.py,0.0,0.0,0.0,0.0,0.0,0.0,0.0,12.0,A,A
lib/sqlalchemy/pool/__init__.py,0.0,0.0,0.0,0.0,0.0,0.0,0.0,45.0,A,A
lib/sqlalchemy/__init__.py,3.0,0.0,1.0,1.0,5.0,1.0,0.0,295.0,A,A
lib/sqlalchemy/event/__init__.py,0.0,0.0,0.0,0.0,0.0,0.0,0.0,26.0,A,A
lib/sqlalchemy/future/__init__.py,0.0,0.0,0.0,0.0,0.0,0.0,0.0,17.0,A,A
lib/sqlalchemy/cyextension/__init__.py,0.0,0.0,0.0,0.0,0.0,0.0,0.0,7.0,A,A
lib/sqlalchemy/util/_collections.py,113.0,0.0,0.0,67.0,0.0,0.0,0.0,716.0,A,A
lib/sqlalchemy/util/_concurrency_py3k.py,39.0,0.0,1.0,24.0,5.0,1.0,0.0,289.0,A,A
lib/sqlalchemy/sql/_dml_constructors.py,4.0,0.0,0.0,1.0,0.0,0.0,0.0,141.0,A,A
lib/sqlalchemy/sql/_elements_constructors.py,37.0,0.0,0.0,3.0,0.0,0.0,0.0,1848.0,A,A
lib/sqlalchemy/util/_has_cy.py,3.0,0.0,0.0,9.0,0.0,0.0,0.0,41.0,A,A
lib/sqlalchemy/orm/_orm_constructors.py,29.0,0.0,9.0,4.0,165.0,9.0,0.0,2513.0,A,A
lib/sqlalchemy/sql/_orm_types.py,0.0,0.0,0.0,0.0,0.0,0.0,0.0,21.0,A,A
lib/sqlalchemy/dialects/postgresql/_psycopg_common.py,30.0,0.0,2.0,35.0,10.0,2.0,0.0,188.0,A,A
lib/sqlalchemy/util/_py_collections.py,149.0,0.0,3.0,67.0,15.0,3.0,0.0,542.0,A,A
lib/sqlalchemy/engine/_py_processors.py,20.0,0.0,0.0,28.0,0.0,0.0,0.0,137.0,A,A
lib/sqlalchemy/engine/_py_row.py,20.0,0.0,0.0,13.0,0.0,0.0,0.0,129.0,A,A
lib/sqlalchemy/engine/_py_util.py,12.0,0.0,0.0,18.0,0.0,0.0,0.0,75.0,A,A
lib/sqlalchemy/sql/_py_util.py,5.0,0.0,0.0,3.0,0.0,0.0,0.0,76.0,A,A
lib/sqlalchemy/sql/_selectable_constructors.py,29.0,0.0,0.0,2.0,0.0,0.0,0.0,636.0,A,A
lib/sqlalchemy/dialects/_typing.py,0.0,0.0,0.0,0.0,0.0,0.0,0.0,26.0,A,A
lib/sqlalchemy/sql/_typing.py,37.0,0.0,12.0,5.0,108.0,12.0,0.0,461.0,A,A
lib/sqlalchemy/orm/_typing.py,18.0,0.0,0.0,6.0,0.0,0.0,0.0,180.0,A,A
lib/sqlalchemy/dialects/mysql/aiomysql.py,54.0,0.0,16.0,16.0,64.0,16.0,0.0,334.0,A,A
lib/sqlalchemy/dialects/mssql/aioodbc.py,1.0,0.0,2.0,0.0,10.0,2.0,0.0,65.0,A,A
lib/sqlalchemy/connectors/aioodbc.py,24.0,0.0,7.0,12.0,32.0,7.0,0.0,175.0,A,A
lib/sqlalchemy/dialects/sqlite/aiosqlite.py,53.0,0.0,12.0,38.0,51.0,12.0,0.0,397.0,A,A
lib/sqlalchemy/sql/annotation.py,72.0,1.0,6.0,55.0,37.0,7.0,0.0,586.0,B,A
lib/sqlalchemy/event/api.py,8.0,0.0,1.0,4.0,5.0,1.0,0.0,226.0,A,A
lib/sqlalchemy/ext/mypy/apply.py,48.0,0.0,2.0,58.0,21.0,2.0,0.0,321.0,A,A
lib/sqlalchemy/dialects/postgresql/array.py,45.0,0.0,3.0,40.0,25.0,3.0,0.0,426.0,A,A
lib/sqlalchemy/testing/assertions.py,182.0,2.0,9.0,211.0,159.0,11.0,0.0,990.0,C,A
lib/sqlalchemy/testing/assertsql.py,88.0,0.0,13.0,108.0,79.0,13.0,0.0,517.0,A,A
lib/sqlalchemy/ext/associationproxy.py,350.0,1.0,15.0,262.0,94.0,16.0,0.0,2006.0,C,A
lib/sqlalchemy/connectors/asyncio.py,46.0,0.0,4.0,16.0,20.0,4.0,0.0,214.0,A,A
lib/sqlalchemy/testing/asyncio.py,17.0,0.0,0.0,19.0,0.0,0.0,0.0,136.0,A,A
lib/sqlalchemy/dialects/mysql/asyncmy.py,55.0,0.0,14.0,19.0,72.0,14.0,0.0,338.0,A,A
lib/sqlalchemy/dialects/postgresql/asyncpg.py,164.0,0.0,17.0,141.0,67.0,17.0,0.0,1279.0,A,A
lib/sqlalchemy/event/attr.py,117.0,1.0,8.0,64.0,40.0,9.0,0.0,656.0,E,A
lib/sqlalchemy/orm/attributes.py,358.0,0.0,19.0,359.0,130.0,19.0,0.0,2836.0,A,A
lib/sqlalchemy/ext/automap.py,72.0,0.0,17.0,116.0,145.0,19.0,2.0,1692.0,A,E
lib/sqlalchemy/ext/baked.py,66.0,0.0,1.0,44.0,0.0,1.0,0.0,575.0,A,A
lib/sqlalchemy/dialects/sqlite/base.py,262.0,2.0,11.0,315.0,119.0,13.0,0.0,2807.0,C,A
lib/sqlalchemy/dialects/mssql/base.py,422.0,0.0,22.0,409.0,162.0,22.0,0.0,4012.0,A,A
lib/sqlalchemy/dialects/postgresql/base.py,478.0,1.0,21.0,538.0,296.0,26.0,4.0,5008.0,C,E
lib/sqlalchemy/dialects/mysql/base.py,391.0,0.0,13.0,384.0,113.0,20.0,7.0,3450.0,A,E
lib/sqlalchemy/dialects/oracle/base.py,400.0,1.0,11.0,473.0,208.0,12.0,0.0,3273.0,C,A
lib/sqlalchemy/engine/base.py,364.0,0.0,22.0,381.0,219.0,23.0,1.0,3376.0,A,E
lib/sqlalchemy/testing/fixtures/base.py,50.0,0.0,3.0,111.0,95.0,3.0,0.0,367.0,A,A
lib/sqlalchemy/sql/base.py,268.0,0.0,11.0,202.0,63.0,11.0,0.0,2186.0,A,A
lib/sqlalchemy/orm/base.py,77.0,0.0,0.0,42.0,0.0,0.0,0.0,972.0,A,A
lib/sqlalchemy/ext/asyncio/base.py,34.0,1.0,1.0,34.0,13.0,2.0,0.0,280.0,E,A
lib/sqlalchemy/pool/base.py,174.0,0.0,4.0,177.0,69.0,4.0,0.0,1516.0,A,A
lib/sqlalchemy/event/base.py,68.0,0.0,2.0,45.0,10.0,2.0,0.0,471.0,A,A
lib/sqlalchemy/testing/plugin/bootstrap.py,2.0,0.0,1.0,2.0,20.0,1.0,0.0,52.0,A,A
lib/sqlalchemy/orm/bulk_persistence.py,242.0,0.0,7.0,309.0,67.0,7.0,0.0,2085.0,A,A
lib/sqlalchemy/sql/cache_key.py,97.0,1.0,46.0,120.0,253.0,47.0,0.0,1058.0,E,A
lib/sqlalchemy/engine/characteristics.py,15.0,0.0,3.0,3.0,15.0,3.0,0.0,156.0,A,A
lib/sqlalchemy/orm/clsregistry.py,83.0,0.0,4.0,116.0,22.0,4.0,0.0,572.0,A,A
lib/sqlalchemy/sql/coercions.py,203.0,1.0,9.0,249.0,84.0,10.0,0.0,1406.0,B,A
lib/sqlalchemy/orm/collections.py,269.0,0.0,43.0,357.0,403.0,43.0,0.0,1621.0,A,A
lib/sqlalchemy/util/compat.py,54.0,0.0,1.0,57.0,13.0,1.0,0.0,301.0,A,A
lib/sqlalchemy/sql/compiler.py,1158.0,1.0,153.0,1323.0,1258.0,154.0,0.0,7819.0,B,A
lib/sqlalchemy/ext/compiler.py,16.0,0.0,3.0,26.0,6.0,3.0,0.0,556.0,A,A
lib/sqlalchemy/util/concurrency.py,21.0,0.0,11.0,13.0,57.0,11.0,0.0,109.0,A,A
lib/sqlalchemy/testing/config.py,58.0,0.0,8.0,20.0,40.0,8.0,0.0,428.0,A,A
lib/sqlalchemy/orm/context.py,452.0,1.0,30.0,571.0,278.0,31.0,0.0,3269.0,B,A
lib/sqlalchemy/engine/create.py,53.0,0.0,2.0,76.0,82.0,4.0,2.0,876.0,A,E
lib/sqlalchemy/sql/crud.py,237.0,0.0,28.0,314.0,228.0,28.0,0.0,1670.0,A,A
lib/sqlalchemy/engine/cursor.py,209.0,0.0,18.0,189.0,82.0,18.0,0.0,2182.0,A,A
lib/sqlalchemy/dialects/oracle/cx_oracle.py,163.0,1.0,21.0,186.0,113.0,22.0,0.0,1484.0,C,A
lib/sqlalchemy/dialects/mysql/cymysql.py,9.0,0.0,1.0,8.0,5.0,1.0,0.0,85.0,A,A
lib/sqlalchemy/sql/ddl.py,152.0,0.0,4.0,153.0,57.0,4.0,0.0,1379.0,A,A
lib/sqlalchemy/orm/decl_api.py,132.0,1.0,2.0,90.0,13.0,3.0,0.0,1884.0,B,A
lib/sqlalchemy/orm/decl_base.py,342.0,0.0,23.0,608.0,401.0,23.0,0.0,2181.0,A,A
lib/sqlalchemy/ext/mypy/decl_class.py,61.0,0.0,8.0,121.0,92.0,8.0,0.0,516.0,A,A
lib/sqlalchemy/engine/default.py,313.0,0.0,17.0,398.0,215.0,17.0,0.0,2366.0,A,A
lib/sqlalchemy/sql/default_comparator.py,36.0,0.0,2.0,36.0,16.0,2.0,0.0,553.0,A,A
lib/sqlalchemy/orm/dependency.py,257.0,1.0,33.0,484.0,334.0,34.0,0.0,1305.0,C,A
lib/sqlalchemy/util/deprecations.py,59.0,0.0,3.0,75.0,38.0,3.0,0.0,402.0,A,A
lib/sqlalchemy/orm/descriptor_props.py,153.0,0.0,11.0,160.0,49.0,11.0,0.0,1077.0,A,A
lib/sqlalchemy/dialects/oracle/dictionary.py,0.0,0.0,1.0,0.0,0.0,1.0,0.0,508.0,A,A
lib/sqlalchemy/dialects/sqlite/dml.py,9.0,0.0,0.0,7.0,0.0,0.0,0.0,241.0,A,A
lib/sqlalchemy/dialects/postgresql/dml.py,18.0,0.0,1.0,22.0,5.0,1.0,0.0,311.0,A,A
lib/sqlalchemy/dialects/mysql/dml.py,14.0,0.0,0.0,14.0,0.0,0.0,0.0,220.0,A,A
lib/sqlalchemy/sql/dml.py,128.0,0.0,1.0,83.0,11.0,1.0,0.0,1818.0,A,A
lib/sqlalchemy/orm/dynamic.py,32.0,1.0,0.0,25.0,0.0,1.0,0.0,301.0,E,A
lib/sqlalchemy/sql/elements.py,666.0,1.0,18.0,408.0,125.0,19.0,0.0,5500.0,E,A
lib/sqlalchemy/ext/asyncio/engine.py,105.0,2.0,0.0,20.0,0.0,2.0,0.0,1467.0,E,A
lib/sqlalchemy/future/engine.py,0.0,0.0,0.0,0.0,0.0,0.0,0.0,16.0,A,A
lib/sqlalchemy/testing/engines.py,100.0,0.0,3.0,77.0,21.0,3.0,0.0,473.0,A,A
lib/sqlalchemy/testing/entities.py,22.0,0.0,3.0,37.0,37.0,3.0,0.0,118.0,A,A
lib/sqlalchemy/dialects/mysql/enumerated.py,31.0,0.0,2.0,49.0,22.0,2.0,0.0,245.0,A,A
lib/sqlalchemy/orm/evaluator.py,77.0,0.0,17.0,59.0,85.0,17.0,0.0,380.0,A,A
lib/sqlalchemy/engine/events.py,39.0,0.0,2.0,19.0,0.0,3.0,1.0,952.0,A,E
lib/sqlalchemy/sql/events.py,9.0,0.0,0.0,1.0,0.0,1.0,1.0,456.0,A,E
lib/sqlalchemy/orm/events.py,163.0,0.0,7.0,162.0,54.0,7.0,0.0,3262.0,A,A
lib/sqlalchemy/pool/events.py,16.0,0.0,1.0,10.0,2.0,2.0,1.0,371.0,A,E
lib/sqlalchemy/events.py,0.0,0.0,0.0,0.0,0.0,0.0,0.0,18.0,A,A
lib/sqlalchemy/orm/exc.py,17.0,0.0,0.0,17.0,0.0,0.0,0.0,229.0,A,A
lib/sqlalchemy/ext/asyncio/exc.py,0.0,0.0,0.0,0.0,0.0,0.0,0.0,22.0,A,A
lib/sqlalchemy/exc.py,53.0,0.0,2.0,44.0,14.0,2.0,0.0,831.0,A,A
lib/sqlalchemy/testing/exclusions.py,101.0,0.0,6.0,85.0,80.0,6.0,0.0,436.0,A,A
lib/sqlalchemy/dialects/mysql/expression.py,7.0,0.0,0.0,3.0,0.0,0.0,0.0,142.0,A,A
lib/sqlalchemy/sql/expression.py,0.0,0.0,0.0,0.0,0.0,0.0,0.0,163.0,A,A
lib/sqlalchemy/dialects/postgresql/ext.py,23.0,0.0,0.0,21.0,0.0,0.0,0.0,497.0,A,A
lib/sqlalchemy/ext/declarative/extensions.py,37.0,0.0,2.0,45.0,22.0,2.0,0.0,549.0,A,A
lib/sqlalchemy/sql/functions.py,134.0,0.0,1.0,42.0,0.0,1.0,0.0,2056.0,A,A
lib/sqlalchemy/ext/horizontal_shard.py,43.0,0.0,2.0,55.0,8.0,2.0,0.0,482.0,A,A
lib/sqlalchemy/dialects/postgresql/hstore.py,34.0,0.0,0.0,20.0,0.0,0.0,0.0,398.0,A,A
lib/sqlalchemy/ext/hybrid.py,78.0,0.0,5.0,37.0,25.0,5.0,0.0,1515.0,A,A
lib/sqlalchemy/orm/identity.py,58.0,0.0,0.0,57.0,0.0,0.0,0.0,303.0,A,A
lib/sqlalchemy/pool/impl.py,68.0,0.0,4.0,47.0,22.0,4.0,0.0,582.0,A,A
lib/sqlalchemy/ext/indexable.py,16.0,0.0,1.0,19.0,5.0,1.0,0.0,342.0,A,A
lib/sqlalchemy/ext/mypy/infer.py,65.0,0.0,8.0,121.0,72.0,8.0,0.0,591.0,A,A
lib/sqlalchemy/dialects/mssql/information_schema.py,7.0,0.0,1.0,3.0,0.0,1.0,0.0,255.0,A,A
lib/sqlalchemy/inspection.py,21.0,0.0,1.0,18.0,5.0,1.0,0.0,175.0,A,A
lib/sqlalchemy/orm/instrumentation.py,119.0,0.0,3.0,81.0,5.0,3.0,0.0,755.0,A,A
lib/sqlalchemy/ext/instrumentation.py,68.0,0.0,12.0,37.0,60.0,12.0,0.0,451.0,A,A
lib/sqlalchemy/engine/interfaces.py,122.0,0.0,0.0,2.0,0.0,4.0,4.0,3404.0,A,E
lib/sqlalchemy/orm/interfaces.py,100.0,0.0,3.0,53.0,10.0,3.0,0.0,1470.0,A,A
lib/sqlalchemy/dialects/sqlite/json.py,11.0,0.0,0.0,7.0,0.0,0.0,0.0,93.0,A,A
lib/sqlalchemy/dialects/mssql/json.py,11.0,0.0,0.0,7.0,0.0,0.0,0.0,134.0,A,A
lib/sqlalchemy/dialects/postgresql/json.py,19.0,0.0,0.0,8.0,0.0,1.0,1.0,333.0,A,E
lib/sqlalchemy/dialects/mysql/json.py,11.0,0.0,0.0,7.0,0.0,0.0,0.0,82.0,A,A
lib/sqlalchemy/sql/lambdas.py,166.0,1.0,24.0,184.0,125.0,25.0,0.0,1450.0,B,A
lib/sqlalchemy/util/langhelpers.py,359.0,0.0,23.0,435.0,211.0,23.0,0.0,2219.0,A,A
lib/sqlalchemy/event/legacy.py,26.0,0.0,6.0,33.0,37.0,6.0,0.0,247.0,A,A
lib/sqlalchemy/orm/loading.py,250.0,0.0,23.0,504.0,400.0,23.0,0.0,1683.0,A,A
lib/sqlalchemy/log.py,35.0,0.0,2.0,21.0,10.0,2.0,0.0,289.0,A,A
lib/sqlalchemy/orm/mapped_collection.py,43.0,0.0,0.0,42.0,0.0,0.0,0.0,558.0,A,A
lib/sqlalchemy/orm/mapper.py,535.0,0.0,17.0,708.0,332.0,17.0,0.0,4422.0,A,A
lib/sqlalchemy/dialects/mysql/mariadb.py,1.0,0.0,0.0,0.0,0.0,0.0,0.0,33.0,A,A
lib/sqlalchemy/dialects/mysql/mariadbconnector.py,39.0,0.0,5.0,38.0,26.0,5.0,0.0,278.0,A,A
lib/sqlalchemy/engine/mock.py,10.0,0.0,3.0,4.0,15.0,3.0,0.0,132.0,A,A
lib/sqlalchemy/ext/mutable.py,115.0,0.0,4.0,91.0,54.0,4.0,0.0,1074.0,A,A
lib/sqlalchemy/testing/fixtures/mypy.py,42.0,0.0,7.0,87.0,77.0,7.0,0.0,313.0,A,A
lib/sqlalchemy/dialects/mysql/mysqlconnector.py,24.0,0.0,4.0,12.0,20.0,4.0,0.0,181.0,A,A
lib/sqlalchemy/dialects/mysql/mysqldb.py,31.0,0.0,3.0,28.0,15.0,5.0,2.0,304.0,A,E
lib/sqlalchemy/dialects/postgresql/named_types.py,56.0,0.0,0.0,34.0,0.0,0.0,0.0,510.0,A,A
lib/sqlalchemy/ext/mypy/names.py,34.0,0.0,2.0,60.0,30.0,2.0,0.0,336.0,A,A
lib/sqlalchemy/sql/naming.py,39.0,0.0,9.0,64.0,61.0,9.0,0.0,213.0,A,A
lib/sqlalchemy/dialects/postgresql/operators.py,0.0,0.0,0.0,0.0,0.0,0.0,0.0,130.0,A,A
lib/sqlalchemy/sql/operators.py,210.0,1.0,0.0,72.0,0.0,1.0,0.0,2580.0,E,A
lib/sqlalchemy/dialects/oracle/oracledb.py,68.0,0.0,9.0,34.0,55.0,9.0,0.0,432.0,A,A
lib/sqlalchemy/ext/orderinglist.py,44.0,0.0,0.0,29.0,0.0,0.0,0.0,417.0,A,A
lib/sqlalchemy/testing/fixtures/orm.py,34.0,0.0,4.0,11.0,20.0,4.0,0.0,228.0,A,A
lib/sqlalchemy/orm/path_registry.py,124.0,0.0,4.0,97.0,19.0,4.0,0.0,812.0,A,A
lib/sqlalchemy/orm/persistence.py,297.0,0.0,25.0,607.0,507.0,25.0,0.0,1783.0,A,A
lib/sqlalchemy/dialects/postgresql/pg8000.py,84.0,0.0,9.0,51.0,39.0,11.0,2.0,663.0,A,E
lib/sqlalchemy/dialects/postgresql/pg_catalog.py,3.0,0.0,3.0,1.0,15.0,3.0,0.0,301.0,A,A
lib/sqlalchemy/testing/pickleable.py,25.0,0.0,3.0,3.0,10.0,3.0,0.0,156.0,A,A
lib/sqlalchemy/ext/mypy/plugin.py,41.0,0.0,2.0,37.0,12.0,2.0,0.0,304.0,A,A
lib/sqlalchemy/testing/plugin/plugin_base.py,112.0,1.0,8.0,113.0,79.0,9.0,0.0,780.0,E,A
lib/sqlalchemy/util/preloaded.py,9.0,0.0,0.0,9.0,0.0,0.0,0.0,151.0,A,A
lib/sqlalchemy/engine/processors.py,3.0,0.0,0.0,3.0,0.0,0.0,0.0,62.0,A,A
lib/sqlalchemy/testing/profiling.py,48.0,0.0,7.0,52.0,35.0,7.0,0.0,325.0,A,A
lib/sqlalchemy/orm/properties.py,117.0,0.0,1.0,127.0,57.0,1.0,0.0,887.0,A,A
lib/sqlalchemy/dialects/sqlite/provision.py,33.0,0.0,7.0,37.0,26.0,7.0,0.0,199.0,A,A
lib/sqlalchemy/dialects/mssql/provision.py,22.0,0.0,0.0,20.0,0.0,0.0,0.0,163.0,A,A
lib/sqlalchemy/dialects/postgresql/provision.py,19.0,0.0,1.0,21.0,5.0,1.0,0.0,176.0,A,A
lib/sqlalchemy/dialects/mysql/provision.py,10.0,0.0,0.0,9.0,0.0,0.0,0.0,111.0,A,A
lib/sqlalchemy/dialects/oracle/provision.py,32.0,0.0,2.0,31.0,16.0,2.0,0.0,221.0,A,A
lib/sqlalchemy/testing/provision.py,73.0,0.0,4.0,71.0,20.0,4.0,0.0,497.0,A,A
lib/sqlalchemy/dialects/postgresql/psycopg.py,123.0,0.0,15.0,66.0,60.0,18.0,3.0,777.0,A,E
lib/sqlalchemy/dialects/postgresql/psycopg2.py,67.0,0.0,4.0,51.0,17.0,9.0,5.0,887.0,A,E
lib/sqlalchemy/dialects/postgresql/psycopg2cffi.py,3.0,0.0,1.0,0.0,5.0,1.0,0.0,62.0,A,A
lib/sqlalchemy/dialects/mssql/pymssql.py,18.0,0.0,5.0,16.0,20.0,5.0,0.0,127.0,A,A
lib/sqlalchemy/dialects/mysql/pymysql.py,14.0,0.0,2.0,16.0,7.0,3.0,1.0,138.0,A,E
lib/sqlalchemy/dialects/mssql/pyodbc.py,65.0,0.0,15.0,73.0,69.0,16.0,1.0,746.0,A,E
lib/sqlalchemy/dialects/mysql/pyodbc.py,11.0,0.0,4.0,6.0,14.0,4.0,0.0,139.0,A,A
lib/sqlalchemy/connectors/pyodbc.py,40.0,0.0,1.0,52.0,26.0,1.0,0.0,250.0,A,A
lib/sqlalchemy/dialects/sqlite/pysqlcipher.py,9.0,0.0,1.0,10.0,5.0,1.0,0.0,156.0,A,A
lib/sqlalchemy/dialects/sqlite/pysqlite.py,59.0,0.0,7.0,46.0,36.0,7.0,0.0,757.0,A,A
lib/sqlalchemy/testing/plugin/pytestplugin.py,148.0,0.0,8.0,201.0,97.0,8.0,0.0,869.0,A,A
lib/sqlalchemy/orm/query.py,250.0,0.0,8.0,149.0,15.0,8.0,0.0,3397.0,A,A
lib/sqlalchemy/util/queue.py,53.0,0.0,0.0,46.0,0.0,0.0,0.0,323.0,A,A
lib/sqlalchemy/dialects/postgresql/ranges.py,178.0,0.0,4.0,211.0,86.0,4.0,0.0,1030.0,A,A
lib/sqlalchemy/dialects/mysql/reflection.py,98.0,0.0,12.0,138.0,102.0,12.0,0.0,678.0,A,A
lib/sqlalchemy/engine/reflection.py,159.0,0.0,6.0,172.0,66.0,6.0,0.0,2099.0,A,A
lib/sqlalchemy/event/registry.py,47.0,0.0,0.0,48.0,0.0,0.0,0.0,387.0,A,A
lib/sqlalchemy/orm/relationships.py,463.0,0.0,20.0,574.0,243.0,20.0,0.0,3501.0,A,A
lib/sqlalchemy/testing/requirements.py,251.0,0.0,4.0,32.0,15.0,4.0,0.0,1819.0,A,A
lib/sqlalchemy/dialects/mysql/reserved_words.py,0.0,0.0,0.0,0.0,0.0,0.0,0.0,572.0,A,A
lib/sqlalchemy/engine/result.py,302.0,1.0,8.0,287.0,152.0,9.0,0.0,2383.0,E,A
lib/sqlalchemy/ext/asyncio/result.py,95.0,0.0,0.0,33.0,0.0,0.0,0.0,962.0,A,A
lib/sqlalchemy/sql/roles.py,8.0,0.0,1.0,4.0,0.0,1.0,0.0,324.0,A,A
lib/sqlalchemy/engine/row.py,51.0,0.0,0.0,12.0,0.0,0.0,0.0,402.0,A,A
lib/sqlalchemy/testing/schema.py,42.0,0.0,4.0,34.0,33.0,4.0,0.0,225.0,A,A
lib/sqlalchemy/sql/schema.py,563.0,1.0,32.0,612.0,380.0,34.0,1.0,6159.0,C,E
lib/sqlalchemy/schema.py,0.0,0.0,0.0,0.0,0.0,0.0,0.0,71.0,A,A
lib/sqlalchemy/orm/scoping.py,79.0,0.0,0.0,14.0,0.0,0.0,0.0,2166.0,A,A
lib/sqlalchemy/ext/asyncio/scoping.py,68.0,1.0,0.0,10.0,0.0,1.0,0.0,1615.0,E,A
lib/sqlalchemy/sql/selectable.py,542.0,0.0,15.0,403.0,191.0,15.0,0.0,7005.0,A,A
lib/sqlalchemy/ext/serializer.py,15.0,0.0,2.0,29.0,25.0,2.0,0.0,182.0,A,A
lib/sqlalchemy/orm/session.py,498.0,0.0,19.0,583.0,242.0,20.0,1.0,5302.0,A,E
lib/sqlalchemy/ext/asyncio/session.py,106.0,1.0,0.0,26.0,0.0,2.0,1.0,1937.0,E,E
lib/sqlalchemy/testing/fixtures/sql.py,89.0,0.0,4.0,114.0,56.0,4.0,0.0,504.0,A,A
lib/sqlalchemy/sql/sqltypes.py,408.0,0.0,6.0,329.0,28.0,6.0,0.0,3822.0,A,A
lib/sqlalchemy/orm/state.py,170.0,0.0,12.0,179.0,114.0,12.0,0.0,1144.0,A,A
lib/sqlalchemy/orm/state_changes.py,15.0,0.0,3.0,28.0,24.0,3.0,0.0,199.0,A,A
lib/sqlalchemy/engine/strategies.py,0.0,0.0,1.0,0.0,2.0,1.0,0.0,20.0,A,A
lib/sqlalchemy/orm/strategies.py,453.0,1.0,27.0,577.0,249.0,28.0,0.0,3403.0,B,A
lib/sqlalchemy/orm/strategy_options.py,244.0,0.0,10.0,266.0,76.0,10.0,0.0,2570.0,A,A
lib/sqlalchemy/orm/sync.py,21.0,0.0,1.0,33.0,5.0,1.0,0.0,165.0,A,A
lib/sqlalchemy/util/tool_support.py,21.0,0.0,1.0,22.0,20.0,1.0,0.0,202.0,A,A
lib/sqlalchemy/util/topological.py,17.0,0.0,3.0,26.0,16.0,3.0,0.0,121.0,A,A
lib/sqlalchemy/sql/traversals.py,222.0,0.0,59.0,241.0,349.0,59.0,0.0,1025.0,A,A
lib/sqlalchemy/sql/type_api.py,178.0,0.0,1.0,113.0,5.0,1.0,0.0,2319.0,A,A
lib/sqlalchemy/dialects/postgresql/types.py,18.0,0.0,0.0,5.0,0.0,0.0,0.0,304.0,A,A
lib/sqlalchemy/dialects/mysql/types.py,48.0,0.0,1.0,20.0,0.0,1.0,0.0,775.0,A,A
lib/sqlalchemy/dialects/oracle/types.py,30.0,0.0,5.0,12.0,35.0,5.0,0.0,288.0,A,A
lib/sqlalchemy/types.py,0.0,0.0,0.0,0.0,0.0,0.0,0.0,77.0,A,A
lib/sqlalchemy/util/typing.py,86.0,1.0,2.0,71.0,7.0,3.0,0.0,630.0,C,A
lib/sqlalchemy/orm/unitofwork.py,162.0,0.0,8.0,178.0,93.0,8.0,0.0,797.0,A,A
lib/sqlalchemy/engine/url.py,100.0,1.0,4.0,110.0,29.0,5.0,0.0,911.0,B,A
lib/sqlalchemy/engine/util.py,25.0,0.0,3.0,30.0,22.0,3.0,0.0,168.0,A,A
lib/sqlalchemy/testing/util.py,77.0,0.0,8.0,80.0,37.0,8.0,0.0,538.0,A,A
lib/sqlalchemy/sql/util.py,256.0,0.0,15.0,382.0,180.0,15.0,0.0,1487.0,A,A
lib/sqlalchemy/orm/util.py,251.0,0.0,11.0,294.0,115.0,11.0,0.0,2424.0,A,A
lib/sqlalchemy/ext/mypy/util.py,59.0,0.0,2.0,52.0,6.0,2.0,0.0,358.0,A,A
lib/sqlalchemy/sql/visitors.py,95.0,0.0,5.0,90.0,44.0,5.0,0.0,1166.0,A,A
lib/sqlalchemy/testing/warnings.py,3.0,0.0,0.0,0.0,0.0,0.0,0.0,53.0,A,A
lib/sqlalchemy/orm/writeonly.py,89.0,0.0,3.0,58.0,15.0,3.0,0.0,679.0,A,A
